bv1,bv2,bv3,severity,label
4672.020119299385,4661.731008501948,4651.516970324574,0.05,0
4672.020119299385,4649.813506714858,4627.9591001707895,0.1,0
4672.020119299385,4636.956158414749,4602.775979689379,0.15,0
4672.020119299385,4652.3120347735685,4633.303977165901,0.5,0
4672.020119299385,4646.909993388704,4622.921291362636,0.6,0
4672.020119299385,4641.4113924232915,4612.436327066221,0.7,0
4672.020119299385,4636.079020009769,4602.353408607394,0.8,0
4672.020119299385,4623.154570597135,4575.960867326101,0.2,1
4672.020119299385,4608.421407490362,4547.897916892638,0.25,1
4672.020119299385,4592.78964440004,4518.276909693048,0.3,1
4672.020119299385,4659.788596093649,4647.839909966847,0.35,1
4672.020119299385,4559.080980333165,4455.777720549735,0.4,1
4672.020119299385,4631.192495468062,4593.1879874199,0.9,1
4672.020119299385,4627.003757859652,4585.385945167676,1.0,1
6486.329450519526,6475.9662666192,6465.708813448994,0.05,0
6486.329450519526,6464.119769404677,6442.283303675953,0.1,0
6486.329450519526,6451.288481361828,6417.090675107109,0.15,0
6486.329450519526,6466.420373702696,6447.386005898161,0.5,0
6486.329450519526,6460.939426065719,6436.910026834518,0.6,0
6486.329450519526,6455.3346251242865,6426.640324574899,0.7,0
6486.329450519526,6449.863178086469,6416.443726301091,0.8,0
6486.329450519526,6437.45555869869,6390.140254597792,0.2,1
6486.329450519526,6422.641740904384,6362.21313260664,0.25,1
6486.329450519526,6406.8265749282455,6332.152206540324,0.3,1
6486.329450519526,6473.955443071327,6461.952506773873,0.35,1
6486.329450519526,6372.437099832234,6267.833405225902,0.4,1
6486.329450519526,6444.822536513287,6407.138917176463,0.9,1
6486.329450519526,6440.481386581663,6399.192198197064,1.0,1
3759.9356278674695,3750.360409968241,3740.861820838859,0.05,0
3759.9356278674695,3739.1634541417097,3718.727587036975,0.1,0
3759.9356278674695,3727.1100246354827,3695.215148425674,0.15,0
3759.9356278674695,3742.531142109584,3725.708787096879,0.5,0
3759.9356278674695,3737.7385579451006,3716.537412783782,0.6,0
3759.9356278674695,3732.867723571018,3707.23579155096,0.7,0
3759.9356278674695,3728.1484861503704,3698.273872911438,0.8,0
3759.9356278674695,3714.192761928358,3670.1985494421033,0.2,1
3759.9356278674695,3700.4427720239933,3644.3641956156343,0.25,1
3759.9356278674695,3685.8877254129566,3617.155074578143,0.3,1
3759.9356278674695,3749.1746162250056,3738.6534764913704,0.35,1
3759.9356278674695,3654.5956732399077,3559.2786625322947,0.4,1
3759.9356278674695,3723.831461747549,3690.1581762662754,0.9,1
3759.9356278674695,3720.1352965421625,3683.237862986465,1.0,1
6036.332806811872,6024.734816240508,6013.200901407279,0.05,0
6036.332806811872,6011.409394496934,5986.821590314511,0.1,0
6036.332806811872,5997.006953296025,5958.537156693037,0.15,0
6036.332806811872,6014.062550603403,5992.595004221438,0.5,0
6036.332806811872,6007.947371687577,5980.850063406412,0.6,0
6036.332806811872,6001.704166416994,5968.972387002228,0.7,0
6036.332806811872,5995.631606809365,5957.52702921529,0.8,0
6036.332806811872,5981.516215422662,5928.379116364468,0.2,1
6036.332806811872,5964.944450667525,5896.41954924409,0.25,1
6036.332806811872,5947.32133351174,5862.776693213718,0.3,1
6036.332806811872,6022.496182312646,6008.976392664903,0.35,1
6036.332806811872,5909.173664508312,5791.170066700966,0.4,1
6036.332806811872,5990.051109331999,5947.100971782987,0.9,1
6036.332806811872,5985.255554816245,5938.21048132012,1.0,1
3949.922862819658,3940.73595570732,3931.622628966634,0.05,0
3949.922862819658,3930.0042765516623,3910.411316509526,0.1,0
3949.922862819658,3918.4320417822673,3887.7592916148096,0.15,0
3949.922862819658,3933.2340981237767,3917.1461573842976,0.5,0
3949.922862819658,3928.630188526812,3908.2898893748456,0.6,0
3949.922862819658,3923.9450979492717,3899.368377800867,0.7,0
3949.922862819658,3919.4027310984925,3890.786386823275,0.8,0
3949.922862819658,3906.016690520673,3863.65861617225,0.2,1
3949.922862819658,3892.7711291304863,3838.2180109657306,0.25,1
3949.922862819658,3878.7266130831786,3811.811011044977,0.3,1
3949.922862819658,3939.6077841313654,3929.534766659449,0.35,1
3949.922862819658,3848.472644698652,3755.6664105522173,0.4,1
3949.922862819658,3915.241113237762,3882.9834063817443,0.9,1
3949.922862819658,3911.67450288647,3876.3434989928946,1.0,1
5121.846248062061,5110.934748818705,5100.193996056784,0.05,0
5121.846248062061,5098.385312273808,5075.40048212281,0.1,0
5121.846248062061,5084.840520613273,5048.823068358473,0.15,0
5121.846248062061,5100.995200607703,5080.9066572908,0.5,0
5121.846248062061,5095.291427632141,5069.911447657271,0.6,0
5121.846248062061,5089.480738912088,5058.785454744213,0.7,0
5121.846248062061,5083.840774191049,5048.093840434981,0.8,0
5121.846248062061,5070.294197488363,5020.58914245569,0.2,1
5121.846248062061,5054.757933207034,4990.7227341831085,0.25,1
5121.846248062061,5038.264545028073,4959.343763344276,0.3,1
5121.846248062061,5108.881683876228,5096.274021306523,0.35,1
5121.846248062061,5002.662908865452,4892.763960101509,0.4,1
5121.846248062061,5078.667970851954,5038.384879335502,0.9,1
5121.846248062061,5074.230385969572,5030.115126067416,1.0,1
4527.076009396444,4517.67995223186,4508.365391186867,0.05,0
4527.076009396444,4506.688109120559,4486.634591464322,0.1,0
4527.076009396444,4494.820239936982,4463.366590679679,0.15,0
4527.076009396444,4509.936801012406,4493.449270024563,0.5,0
4527.076009396444,4505.18803884826,4484.333418700862,0.6,0
4527.076009396444,4500.346693077606,4475.127145193811,0.7,0
4527.076009396444,4495.644335008985,4466.267982329624,0.8,0
4527.076009396444,4482.07007695077,4438.594448402857,0.2,1
4527.076009396444,4468.446909011599,4412.417188531708,0.25,1
4527.076009396444,4453.97866206032,4384.927913394849,0.3,1
4527.076009396444,4516.496764268149,4506.184312749971,0.35,1
4527.076009396444,4422.7289217397,4326.613730119138,0.4,1
4527.076009396444,4491.328825549799,4458.20809614975,0.9,1
4527.076009396444,4487.624791772129,4451.343052485586,1.0,1
5119.072350986366,5107.73824778821,5096.480273309151,0.05,0
5119.072350986366,5094.871140292506,5071.027620763171,0.1,0
5119.072350986366,5080.9810740219855,5043.778603595303,0.15,0
5119.072350986366,5097.518604679182,5076.7363129117575,0.5,0
5119.072350986366,5091.663564907248,5065.482316361741,0.6,0
5119.072350986366,5085.6991188692355,5054.122630116528,0.7,0
5119.072350986366,5079.910401836132,5043.196877322216,0.8,0
5119.072350986366,5066.061326853605,5014.7732073790585,0.2,1
5119.072350986366,5050.123439476603,4984.091095453089,0.25,1
5119.072350986366,5033.200799702369,4951.856596453062,0.3,1
5119.072350986366,5105.614517986971,5092.468207106613,0.35,1
5119.072350986366,4996.663887810192,4883.469890521851,0.4,1
5119.072350986366,5074.601725181132,5033.261644070183,0.9,1
5119.072350986366,5070.048103032106,5024.802866997454,1.0,1
4332.850897074708,4322.953557053275,4313.138214939236,0.05,0
4332.850897074708,4311.484230263825,4290.467688630694,0.1,0
4332.850897074708,4299.111833056092,4266.21943654324,0.15,0
4332.850897074708,4314.9279973841685,4297.660603471845,0.5,0
4332.850897074708,4309.998878126504,4288.186991720039,0.6,0
4332.850897074708,4304.979570090466,4278.627826256086,0.7,0
4332.850897074708,4300.110015472309,4269.437065561736,0.8,0
4332.850897074708,4285.832491835269,4240.433941246653,0.2,1
4332.850897074708,4271.658780779043,4213.201737895633,0.25,1
4332.850897074708,4256.62284222696,4184.644260253025,0.3,1
4332.850897074708,4321.746643630984,4310.909324109148,0.35,1
4332.850897074708,4224.207693866023,4124.14074766232,0.4,1
4332.850897074708,4295.645915254203,4261.082306486467,0.9,1
4332.850897074708,4291.818004819564,4253.971220018117,1.0,1
5578.118372421729,5567.877490385572,5557.704848531951,0.05,0
5578.118372421729,5556.081619770691,5534.365746591083,0.1,0
5578.118372421729,5543.325998192705,5509.328423982221,0.15,0
5578.118372421729,5558.427841652814,5539.50647934371,0.5,0
5578.118372421729,5553.01411852286,5529.1359009811595,0.6,0
5578.118372421729,5547.486738033783,5518.652398186933,0.7,0
5578.118372421729,5542.110234987763,5508.55465076159,0.8,0
5578.118372421729,5529.599079247652,5482.617932985453,0.2,1
5578.118372421729,5514.90559978417,5454.295129201484,0.25,1
5578.118372421729,5499.270046543121,5424.461661892214,0.3,1
5578.118372421729,5565.893390222854,5553.97776412153,0.35,1
5578.118372421729,5465.389291011558,5360.990991189536,0.4,1
5578.118372421729,5537.1693102435565,5499.359849259944,0.9,1
5578.118372421729,5532.923374554359,5491.522090051093,1.0,1
4720.607940021369,4711.138636571657,4701.750282534347,0.05,0
4720.607940021369,4700.027792077189,4679.783551021374,0.1,0
4720.607940021369,4688.028353532334,4656.255118196617,0.15,0
4720.607940021369,4703.297345641052,4686.650113798519,0.5,0
4720.607940021369,4698.4877352166395,4677.419866679362,0.6,0
4720.607940021369,4693.581627567268,4668.093287611932,0.7,0
4720.607940021369,4688.81372691805,4659.1138017214125,0.8,0
4720.607940021369,4675.133231411888,4631.19658070855,0.2,1
4720.607940021369,4661.350999040824,4604.717048262383,0.25,1
4720.607940021369,4646.709031670177,4576.890599976132,0.3,1
4720.607940021369,4709.937020244065,4699.537141382138,0.35,1
4720.607940021369,4615.066941210534,4517.865362101795,0.4,1
4720.607940021369,4684.435776842074,4650.940550794681,0.9,1
4720.607940021369,4680.676402544526,4643.976009192844,1.0,1
4719.362641381084,4708.859308699189,4698.436660935528,0.05,0
4719.362641381084,4696.6829184433645,4674.389268718323,0.1,0
4719.362641381084,4683.5456798276955,4648.786206829756,0.15,0
4719.362641381084,4700.33240773023,4681.982041936855,0.5,0
4719.362641381084,4695.091959811282,4672.0360219798495,0.6,0
4719.362641381084,4689.7521935169725,4661.876440496219,0.7,0
4719.362641381084,4684.576198897701,4652.379653423559,0.8,0
4719.362641381084,4669.444676795027,4621.524866101171,0.2,1
4719.362641381084,4654.42272650013,4593.227571779084,0.25,1
4719.362641381084,4638.455329546115,4563.087423677376,0.3,1
4719.362641381084,4707.577573879255,4696.070435306801,0.35,1
4719.362641381084,4604.0189160641585,4499.265114767185,0.4,1
4719.362641381084,4679.821813044522,4643.510318227886,0.9,1
4719.362641381084,4675.742892497003,4635.953997603252,1.0,1
6717.971972503785,6706.25468071134,6694.614403718663,0.05,0
6717.971972503785,6692.845912683314,6668.081251442154,0.1,0
6717.971972503785,6678.337594250925,6639.621000599274,0.15,0
6717.971972503785,6695.5413318496085,6673.99084686586,0.5,0
6717.971972503785,6689.376993908274,6662.188007526462,0.6,0
6717.971972503785,6683.074569454117,6650.242546117182,0.7,0
6717.971972503785,6676.935728701963,6638.710265137454,0.8,0
6717.971972503785,6662.71447008772,6609.212426990557,0.2,1
6717.971972503785,6645.979600857879,6576.97004500351,0.25,1
6717.971972503785,6628.158371431961,6542.976192158087,0.3,1
6717.971972503785,6704.028290938797,6690.438362660409,0.35,1
6717.971972503785,6589.492995154821,6470.400528836291,0.4,1
6717.971972503785,6671.286847864151,6628.196394587016,0.9,1
6717.971972503785,6666.4268723024,6619.227007500763,1.0,1
4523.25240298486,4513.1325844832445,4503.178862569133,0.05,0
4523.25240298486,4501.391776572639,4479.971049783366,0.1,0
4523.25240298486,4488.726315868442,4455.144452689454,0.15,0
4523.25240298486,4504.939948342528,4487.336390573768,0.5,0
4523.25240298486,4499.895363272945,4477.597494430192,0.6,0
4523.25240298486,4494.756084819204,4467.769848834782,0.7,0
4523.25240298486,4489.767674489766,4458.30345608354,0.8,0
4523.25240298486,4475.131992929466,4428.773416991714,0.2,1
4523.25240298486,4460.621334364229,4400.900389446462,0.25,1
4523.25240298486,4445.2267824517485,4371.641571498173,0.3,1
4523.25240298486,4511.914771966722,4500.9015504924555,0.35,1
4523.25240298486,4412.0327757868945,4309.651044745903,0.4,1
4523.25240298486,4485.192345190331,4449.718283974563,0.9,1
4523.25240298486,4481.267229315858,4442.405537416198,1.0,1
4895.183946030651,4883.788634154592,4872.478560011135,0.05,0
4895.183946030651,4870.760084811226,4846.718995086155,0.1,0
4895.183946030651,4856.708159006885,4819.170550700831,0.15,0
4895.183946030651,4873.476700661407,4852.530041719437,0.5,0
4895.183946030651,4867.571776412982,4841.169067365595,0.6,0
4895.183946030651,4861.5636328829505,4829.712345061954,0.7,0
4895.183946030651,4855.739340666343,4818.703664294508,0.8,0
4895.183946030651,4841.629046145567,4789.879070323699,0.2,1
4895.183946030651,4825.537663355689,4758.970464814376,0.25,1
4895.183946030651,4808.4711780845,4726.53829117418,0.3,1
4895.183946030651,4881.653048113712,4868.429510546335,0.35,1
4895.183946030651,4771.691936064004,4657.856877393133,0.4,1
4895.183946030651,4850.403920871965,4808.701893413899,0.9,1
4895.183946030651,4845.831813150108,4800.192542516518,1.0,1
4715.861795095568,4705.751381277476,4695.733496730638,0.05,0
4715.861795095568,4693.999094662454,4672.512636116333,0.1,0
4715.861795095568,4681.314578393465,4647.66397442209,0.15,0
4715.861795095568,4697.547759703655,4679.851475423783,0.5,0
4715.861795095568,4692.488804385821,4670.115358060508,0.6,0
4715.861795095568,4687.330565689501,4660.276584409046,0.7,0
4715.861795095568,4682.319591521535,4650.802686368361,0.8,0
4715.861795095568,4667.692026543577,4621.215313394031,0.2,1
4715.861795095568,4653.142270823067,4593.239008419711,0.25,1
4715.861795095568,4637.696021820259,4563.847935968569,0.3,1
4715.861795095568,4704.535521992508,4693.443625421596,0.35,1
4715.861795095568,4604.347507784833,4501.377544561199,0.4,1
4715.861795095568,4677.719975890298,4642.178086368472,0.9,1
4715.861795095568,4673.771298156637,4634.827781239806,1.0,1
5801.75684891499,5790.191421181657,5778.734181461281,0.05,0
5801.75684891499,5777.078808782301,5752.820092194201,0.1,0
5801.75684891499,5762.906712046951,5725.057300094769,0.15,0
5801.75684891499,5779.744180045544,5758.597096278168,0.5,0
5801.75684891499,5773.753841643846,5747.111528689841,0.6,0
5801.75684891499,5767.642440509688,5735.50982189414,0.7,0
5801.75684891499,5761.703100796376,5724.335678772943,0.8,0
5801.75684891499,5747.668236927546,5695.4500238457695,0.2,1
5801.75684891499,5731.3661632536605,5664.084610951552,0.25,1
5801.75684891499,5714.04192606538,5631.078110582365,0.3,1
5801.75684891499,5788.015969509937,5774.635752643656,0.35,1
5801.75684891499,5676.5375975131155,5560.834814714884,0.4,1
5801.75684891499,5756.248736828536,5714.166333818132,0.9,1
5801.75684891499,5751.564469676732,5705.498192363861,1.0,1
5682.837412955397,5672.585611713044,5662.4160845355145,0.05,0
5682.837412955397,5660.687159990668,5638.8843688635325,0.1,0
5682.837412955397,5647.8186492379455,5613.635110204677,0.15,0
5682.837412955397,5664.148697212331,5646.205264397837,0.5,0
5682.837412955397,5658.96515569346,5636.278789170983,0.6,0
5682.837412955397,5653.666230114836,5626.232462002219,0.7,0
5682.837412955397,5648.505573306015,5616.544587068881,0.8,0
5682.837412955397,5633.967944832968,5586.6923733069925,0.2,1
5682.837412955397,5619.139292741241,5558.116217959035,0.25,1
5682.837412955397,5603.356831880161,5528.013416713716,0.3,1
5682.837412955397,5671.286434217953,5660.037575836601,0.35,1
5682.837412955397,5569.146701995914,5463.9389637912755,0.4,1
5682.837412955397,5643.757460041797,5607.713408651738,0.9,1
5682.837412955397,5639.672969275177,5600.178368610667,1.0,1
4892.311565887311,4881.049623907715,4869.858510611564,0.05,0
4892.311565887311,4868.250800642593,4844.539960615359,0.1,0
4892.311565887311,4854.44094746877,4817.449750262381,0.15,0
4892.311565887311,4870.904024965529,4850.241263731359,0.5,0
4892.311565887311,4865.092314568307,4839.061586022323,0.6,0
4892.311565887311,4859.175560304331,4827.782077416382,0.7,0
4892.311565887311,4853.436528091487,4816.938346011953,0.8,0
4892.311565887311,4839.614950101335,4788.631069596526,0.2,1
4892.311565887311,4823.785985421154,4758.166738251538,0.25,1
4892.311565887311,4806.9890312284915,4726.184011493481,0.3,1
4892.311565887311,4878.945766564086,4865.877766364121,0.35,1
4892.311565887311,4770.759294827332,4658.441997692459,0.4,1
4892.311565887311,4848.17632942141,4807.081886481155,0.9,1
4892.311565887311,4843.666488375249,4798.693328897692,1.0,1
3759.8783818717784,3749.8020894068545,3739.801300922877,0.05,0
3759.8783818717784,3738.0719134007254,3716.615257463031,0.1,0
3759.8783818717784,3725.446626374096,3691.8795534399314,0.15,0
3759.8783818717784,3741.637727795133,3723.9944503739575,0.5,0
3759.8783818717784,3736.6320900288783,3714.33954977323,0.6,0
3759.8783818717784,3731.547451392975,3704.614824367848,0.7,0
3759.8783818717784,3726.626482827382,3695.2813634798285,0.8,0
3759.8783818717784,3711.9290175742062,3665.6493536973794,0.2,1
3759.8783818717784,3697.539179112976,3638.069727594656,0.25,1
3759.8783818717784,3682.317441668859,3609.295312506782,0.3,1
3759.8783818717784,3748.582712384765,3737.525368422264,0.35,1
3759.8783818717784,3649.655903225411,3548.728836698421,0.4,1
3759.8783818717784,3722.125448726367,3686.810925187883,0.9,1
3759.8783818717784,3718.273520846612,3679.6119279285485,1.0,1
6718.503395117182,6707.859252233001,6697.430719794718,0.05,0
6718.503395117182,6695.617512378776,6673.285500197962,0.1,0
6718.503395117182,6682.359093369739,6647.3443306534855,0.15,0
6718.503395117182,6697.96654851293,6678.477904585915,0.5,0
6718.503395117182,6692.292515070591,6667.642080789804,0.6,0
6718.503395117182,6686.483071309236,6656.651009419814,0.7,0
6718.503395117182,6680.816343042013,6646.06060370694,0.8,0
6718.503395117182,6668.066817091249,6619.579952637174,0.2,1
6718.503395117182,6652.73990673209,6590.052479749049,0.25,1
6718.503395117182,6636.397741327332,6558.908135605897,0.3,1
6718.503395117182,6705.765335110263,6693.520552860832,0.35,1
6718.503395117182,6600.868102682498,6492.094194863817,0.4,1
6718.503395117182,6675.594867799468,6636.3567422374745,0.9,1
6718.503395117182,6671.097234337464,6628.095973880842,1.0,1
3950.356067753679,3940.459553498767,3930.648560666035,0.05,0
3950.356067753679,3928.9573813895604,3907.9199480818784,0.1,0
3950.356067753679,3916.5692006529875,3883.6416897107047,0.15,0
3950.356067753679,3932.4494858003764,3915.157991151793,0.5,0
3950.356067753679,3927.5283016362164,3905.679365380856,0.6,0
3950.356067753679,3922.5248463243743,3896.1249417086183,0.7,0
3950.356067753679,3917.6765116276756,3886.9428360801853,0.8,0
3950.356067753679,3903.2865808538277,3857.862721209548,0.2,1
3950.356067753679,3889.1410019815844,3830.6506938118478,0.25,1
3950.356067753679,3874.1469595430676,3802.1548418217026,0.3,1
3950.356067753679,3939.265365096922,3928.425794178536,0.35,1
3950.356067753679,3841.901593502188,3741.986490356827,0.4,1
3950.356067753679,3913.2360840911783,3878.6001359015763,0.9,1
3950.356067753679,3909.431654275917,3871.5029855414587,1.0,1
4665.2622269385665,4653.9498821869665,4642.738289583937,0.05,0
4665.2622269385665,4641.108232241378,4617.379329853978,0.1,0
4665.2622269385665,4627.260753015531,4590.267974211928,0.15,0
4665.2622269385665,4643.8172200520075,4623.140293218173,0.5,0
4665.2622269385665,4638.011595325164,4611.974185006753,0.6,0
4665.2622269385665,4632.110815751341,4600.712775414712,0.7,0
4665.2622269385665,4626.395121061242,4589.902048731626,0.8,0
4665.2622269385665,4612.408148846696,4561.450398226805,0.2,1
4665.2622269385665,4596.565130605363,4531.015467115118,0.25,1
4665.2622269385665,4579.769276840685,4499.098257283295,0.3,1
4665.2622269385665,4651.8600313344505,4638.772753185876,0.35,1
4665.2622269385665,4543.59898280467,4431.588649945806,0.4,1
4665.2622269385665,4621.162720733715,4580.084789651259,0.9,1
4665.2622269385665,4616.681578155133,4571.736535101856,1.0,1
5120.315275722648,5108.863684070815,5097.515577638245,0.05,0
5120.315275722648,5095.828938188339,5071.753718118829,0.1,0
5120.315275722648,5081.762165300741,5044.18256893719,0.15,0
5120.315275722648,5098.531959740134,5077.538552849444,0.5,0
5120.315275722648,5092.61255022715,5066.157547232682,0.6,0
5120.315275722648,5086.585666492298,5054.673829178205,0.7,0
5120.315275722648,5080.739386495419,5043.632776373995,0.8,0
5120.315275722648,5066.657589224779,5014.844595283682,0.2,1
5120.315275722648,5050.528018642384,4983.822516498011,0.25,1
5120.315275722648,5033.408442332477,4951.244263991501,0.3,1
5120.315275722648,5106.721877831176,5093.454801355939,0.35,1
5120.315275722648,4996.469895271635,4882.177382279378,0.4,1
5120.315275722648,5075.380554451058,5033.596129475766,0.9,1
5120.315275722648,5070.785920978088,5025.0536100629815,1.0,1
4908.868702610486,4898.172390569557,4887.577613748488,0.05,0
4908.868702610486,4885.845355249468,4863.21873611722,0.1,0
4908.868702610486,4872.5392006777265,4837.142367781008,0.15,0
4908.868702610486,4889.5262003814905,4870.906239257047,0.5,0
4908.868702610486,4884.212002641976,4860.696341543006,0.6,0
4908.868702610486,4878.795039393311,4850.383844144949,0.7,0
4908.868702610486,4873.534360218677,4840.458899281292,0.8,0
4908.868702610486,4858.2477095996,4809.387192630198,0.2,1
4908.868702610486,4842.982181115711,4780.029904494028,0.25,1
4908.868702610486,4826.774857668609,4749.1899666875715,0.3,1
4908.868702610486,4896.868678747149,4885.167527646191,0.35,1
4908.868702610486,4791.787452084403,4683.773668024385,0.4,1
4908.868702610486,4868.707091458711,4831.428301997462,0.9,1
4908.868702610486,4864.564262963926,4823.735635379258,1.0,1
5351.283162241309,5340.188973081308,5329.175498380032,0.05,0
5351.283162241309,5327.434340655049,5303.9597381379845,0.1,0
5351.283162241309,5313.662036376276,5276.980046090949,0.15,0
5351.283162241309,5330.078344016589,5309.64429791186,0.5,0
5351.283162241309,5324.275610147188,5298.499511731847,0.6,0
5351.283162241309,5318.362459092343,5287.241506655546,0.7,0
5351.283162241309,5312.620918216873,5276.413298456514,0.8,0
5351.283162241309,5298.864510131324,5248.27065900869,0.2,1
5351.283162241309,5283.050400582015,5217.94065200057,0.25,1
5351.283162241309,5266.255393506296,5186.557837389583,0.3,1
5351.283162241309,5338.09864646071,5325.228322543571,0.35,1
5351.283162241309,5229.997060839459,5119.449870843965,0.4,1
5351.283162241309,5307.350242619077,5266.580267405296,0.9,1
5351.283162241309,5302.831377483025,5258.189784278781,1.0,1
4331.541352927354,4321.655638078981,4311.854868567093,0.05,0
4331.541352927354,4310.226056391339,4289.2670209540065,0.1,0
4331.541352927354,4297.895896502513,4265.105815738536,0.15,0
4331.541352927354,4313.620240397405,4296.359117112708,0.5,0
4331.541352927354,4308.700216231953,4286.905738442099,0.6,0
4331.541352927354,4303.691010881385,4277.3690131757885,0.7,0
4331.541352927354,4298.832091129735,4268.20177074455,0.8,0
4331.541352927354,4284.661145997987,4239.411177921226,0.2,1
4331.541352927354,4270.534172035667,4212.277865022396,0.25,1
4331.541352927354,4255.546836661468,4183.817221188048,0.3,1
4331.541352927354,4320.4276132005425,4309.582839905938,0.35,1
4331.541352927354,4223.232997867499,4123.504467032838,0.4,1
4331.541352927354,4294.378480666796,4259.870063775969,0.9,1
4331.541352927354,4290.560142597753,4252.779866767052,1.0,1
6489.61328043363,6478.000301558898,6466.451627643505,0.05,0
6489.61328043363,6464.722383683739,6440.162766169659,0.1,0
6489.61328043363,6450.35814596374,6411.9441510080505,0.15,0
6489.61328043363,6467.335036781918,6445.891386958054,0.5,0
6489.61328043363,6461.218632448669,6434.163388932659,0.6,0
6489.61328043363,6454.966638669634,6422.293142871207,0.7,0
6489.61328043363,6448.878267696594,6410.845753658995,0.8,0
6489.61328043363,6434.893100302527,6381.820127058113,0.2,1
6489.61328043363,6418.330950646297,6349.855095077885,0.25,1
6489.61328043363,6400.697541939861,6316.159394713194,0.3,1
6489.61328043363,6475.758312692831,6462.233137802057,0.35,1
6489.61328043363,6362.453854756039,6244.274753856352,0.4,1
6489.61328043363,6443.276970899195,6400.410031304335,0.9,1
6489.61328043363,6438.458784982778,6391.505441760231,1.0,1
3566.9461086766673,3557.8709177172586,3548.8779088094566,0.05,0
3566.9461086766673,3547.2393740255498,3527.8839899682916,0.1,0
3566.9461086766673,3535.7891932583652,3505.457260890426,0.15,0
3566.9461086766673,3550.432761200676,3534.498899821574,0.5,0
3566.9461086766673,3545.8848072582005,3525.7345604356383,0.6,0
3566.9461086766673,3541.264106392863,3516.89852168763,0.7,0
3566.9461086766673,3536.7912730310945,3508.424035482071,0.8,0
3566.9461086766673,3523.5211719400827,3481.6815553018223,0.2,1
3566.9461086766673,3510.45100110764,3456.647860398211,0.25,1
3566.9461086766673,3496.6177025838415,3430.4113331332674,0.3,1
3566.9461086766673,3556.741061416706,3546.773093948653,0.35,1
3566.9461086766673,3466.918103545152,3376.087132691573,0.4,1
3566.9461086766673,3532.6990215301803,3500.730343342857,0.9,1
3566.9461086766673,3529.1936078586805,3494.190435616949,1.0,1
4445.448884511384,4435.4502084955375,4425.521556312743,0.05,0
4445.448884511384,4423.857545820122,4402.594410328407,0.1,0
4445.448884511384,4411.352859867194,4378.072485817981,0.15,0
4445.448884511384,4426.253712728788,4407.738442612922,0.5,0
4445.448884511384,4420.993030155928,4397.619642430965,0.6,0
4445.448884511384,4415.639852972879,4387.415402452501,0.7,0
4445.448884511384,4410.44997539668,4377.610048859608,0.8,0
4445.448884511384,4397.932406254337,4351.996834278783,0.2,1
4445.448884511384,4383.609075434832,4324.444447741683,0.25,1
4445.448884511384,4368.415542433555,4295.532489348781,0.3,1
4445.448884511384,4433.53712581495,4421.899283449614,0.35,1
4445.448884511384,4335.664569968396,4234.384414882404,0.4,1
4445.448884511384,4405.695286396855,4368.701375125399,0.9,1
4445.448884511384,4401.620503257982,4361.122408834644,1.0,1
3756.2782883518908,3746.3472546659746,3736.511397948124,0.05,0
3756.2782883518908,3734.8811234111326,3713.870942387205,0.1,0
3756.2782883518908,3722.5342233449974,3689.7340486357584,0.15,0
3756.2782883518908,3738.4099758413013,3721.1778615094113,0.5,0
3756.2782883518908,3733.5297455253985,3711.7639671947995,0.6,0
3756.2782883518908,3728.572673818877,3702.310055618418,0.7,0
3756.2782883518908,3723.770975956641,3693.241962814614,0.8,0
3756.2782883518908,3709.3055779933347,3664.158062573044,0.2,1
3756.2782883518908,3695.224058704559,3637.231449276287,0.25,1
3756.2782883518908,3680.329051243239,3608.9853580351596,0.3,1
3756.2782883518908,3745.1811337756403,3734.347825308212,0.35,1
3756.2782883518908,3648.332448294321,3550.8482071853696,0.4,1
3756.2782883518908,3719.3772639971335,3684.9750306265096,0.9,1
3756.2782883518908,3715.621668607204,3677.9641313515194,1.0,1
4893.774438916455,4883.4944169738465,4873.291008179466,0.05,0
4893.774438916455,4871.728984310439,4850.047093889432,0.1,0
4893.774438916455,4859.024190079461,4825.145158374748,0.15,0
4893.774438916455,4874.169084902887,4855.306446235428,0.5,0
4893.774438916455,4868.821677059885,4845.043292575165,0.6,0
4893.774438916455,4863.374682985275,4834.683451579228,0.7,0
4893.774438916455,4858.088587920711,4824.714433880438,0.8,0
4893.774438916455,4845.372921551607,4798.626455918279,0.2,1
4893.774438916455,4830.784687697782,4770.593659386455,0.25,1
4893.774438916455,4815.2889306866045,4741.150087348654,0.3,1
4893.774438916455,4881.563453016158,4869.650438493192,0.35,1
4893.774438916455,4781.8084503127075,4679.241181587243,0.4,1
4893.774438916455,4853.241293339817,4815.656477186233,0.9,1
4893.774438916455,4849.083825791919,4807.948094363411,1.0,1
4333.8542789810335,4323.613382911161,4313.531267640473,0.05,0
4333.8542789810335,4311.6736628789,4289.988681587866,0.1,0
4333.8542789810335,4298.805022355855,4264.845387261932,0.15,0
4333.8542789810335,4315.313638979127,4297.451847831578,0.5,0
4333.8542789810335,4310.198471868299,4287.603211158264,0.6,0
4333.8542789810335,4304.990929441447,4277.6606952169,0.7,0
4333.8542789810335,4299.93967929854,4268.09608176318,0.8,0
4333.8542789810335,4285.005862693631,4238.136616472665,0.2,1
4333.8542789810335,4270.291795953994,4209.945355283947,0.25,1
4333.8542789810335,4254.698772099876,4180.312147671668,0.3,1
4333.8542789810335,4322.392061019382,4311.252177390245,0.35,1
4333.8542789810335,4221.138094859299,4117.863640754853,0.4,1
4333.8542789810335,4295.309588347223,4259.396493480603,0.9,1
4333.8542789810335,4291.339619996584,4251.98782698982,1.0,1
3759.5535111447884,3749.9044338945005,3740.322963836566,0.05,0
3759.5535111447884,3738.646937788125,3718.0635402418347,0.1,0
3759.5535111447884,3726.5213800497427,3694.295962291696,0.15,0
3759.5535111447884,3742.0564231999147,3725.1429107549684,0.5,0
3759.5535111447884,3737.240568856258,3715.859974816981,0.6,0
3759.5535111447884,3732.3442550172986,3706.5028191886545,0.7,0
3759.5535111447884,3727.6012885780397,3697.5154059189945,0.8,0
3759.5535111447884,3713.52831846946,3669.069112385163,0.2,1
3759.5535111447884,3699.684772708757,3642.467158496648,0.25,1
3759.5535111447884,3685.0271241176183,3614.6124094723696,0.3,1
3759.5535111447884,3748.730874672189,3738.140841806812,0.35,1
3759.5535111447884,3653.527082844464,3555.9040117701334,0.4,1
3759.5535111447884,3723.2594122244814,3689.3532738051713,0.9,1
3759.5535111447884,3719.54093022462,3682.4119857904593,1.0,1
5350.354720518669,5339.972566483991,5329.661795095226,0.05,0
5350.354720518669,5328.025029718543,5306.026817102212,0.1,0
5350.354720518669,5315.113692138356,5280.740236860523,0.15,0
5350.354720518669,5330.477221744734,5311.357389131474,0.5,0
5350.354720518669,5325.025035359048,5300.9084750517395,0.6,0
5350.354720518669,5319.463855503087,5290.347342212479,0.7,0
5350.354720518669,5314.059755330635,5280.175074552548,0.8,0
5350.354720518669,5301.2289065229525,5253.73811196822,0.2,1
5350.354720518669,5286.377698999235,5225.15704405775,0.25,1
5350.354720518669,5270.587213472435,5195.08547135428,0.3,1
5350.354720518669,5338.004541868629,5325.957617606761,0.35,1
5350.354720518669,5236.416559007663,5131.74159663948,0.4,1
5350.354720518669,5309.098033717739,5270.91125167555,0.9,1
5350.354720518669,5304.83769618763,5263.022671352175,1.0,1
5488.268881622893,5477.934831613265,5467.685898143778,0.05,0
5488.268881622893,5465.979240987795,5444.0455799346355,0.1,0
5488.268881622893,5453.054047487419,5418.693013186411,0.15,0
5488.268881622893,5469.490468209662,5451.4628998051,0.5,0
5488.268881622893,5464.298526262102,5441.519847405418,0.6,0
5488.268881622893,5458.994825272902,5431.463339507442,0.7,0
5488.268881622893,5453.833221829505,5421.771935198694,0.8,0
5488.268881622893,5439.148331039386,5391.655433682489,0.2,1
5488.268881622893,5424.267747085738,5362.996406584693,0.25,1
5488.268881622893,5408.438015569982,5332.864309356082,0.3,1
5488.268881622893,5476.645801363141,5465.3291025020635,0.35,1
5488.268881622893,5374.154220932407,5268.882252755154,0.4,1
5488.268881622893,5449.087462633737,5412.9429182899985,0.9,1
5488.268881622893,5445.007464970156,5405.413776432952,1.0,1
5579.665579238858,5568.156019208662,5556.715480296466,0.05,0
5579.665579238858,5554.938909068485,5530.557601968219,0.1,0
5579.665579238858,5540.664443730425,5502.536703315676,0.15,0
5579.665579238858,5557.618432292153,5536.355848947464,0.5,0
5579.665579238858,5551.578884044552,5524.746095991021,0.6,0
5579.665579238858,5545.41951386797,5513.014744446933,0.7,0
5579.665579238858,5539.434864840039,5501.719515196061,0.8,0
5579.665579238858,5525.324111177607,5472.68994756291,0.2,1
5579.665579238858,5508.928023224027,5441.095028000488,0.25,1
5579.665579238858,5491.508651505273,5407.875454882878,0.3,1
5579.665579238858,5565.958365838102,5552.564479054269,0.35,1
5579.665579238858,5453.86262482476,5337.319787309989,0.4,1
5579.665579238858,5533.940641192663,5491.43800302618,0.9,1
5579.665579238858,5529.223384058061,5482.676623920041,1.0,1
3372.2992127661023,3362.275153721471,3352.3389103634577,0.05,0
3372.2992127661023,3350.72652477706,3329.538850934192,0.1,0
3372.2992127661023,3338.3078318136463,3305.251200946028,0.15,0
3372.2992127661023,3354.296920020506,3336.8906056959645,0.5,0
3372.2992127661023,3349.399076746531,3327.440792481104,0.6,0
3372.2992127661023,3344.431107282288,3317.9301093508952,0.7,0
3372.2992127661023,3339.629907505051,3308.812255403343,0.8,0
3372.2992127661023,3325.0237426451918,3279.518151249524,0.2,1
3372.2992127661023,3310.8979850493215,3252.441135275987,0.25,1
3372.2992127661023,3295.975595111388,3224.1613885300194,0.3,1
3372.2992127661023,3361.103996325069,3350.1535189983842,0.35,1
3372.2992127661023,3264.015528475106,3164.73401565437,0.4,1
3372.2992127661023,3335.243001373401,3300.5435236625435,0.9,1
3372.2992127661023,3331.4941948883256,3293.525571887162,1.0,1
5574.429424750527,5563.683044076973,5553.012706282883,0.05,0
5574.429424750527,5551.442939516841,5528.797458464711,0.1,0
5574.429424750527,5538.207444059715,5502.840662587367,0.15,0
5574.429424750527,5553.905728170391,5534.166362931828,0.5,0
5574.429424750527,5548.301574665133,5523.427471445003,0.6,0
5574.429424750527,5542.583480539475,5512.575313348546,0.7,0
5574.429424750527,5537.025069381032,5502.127617335344,0.8,0
5574.429424750527,5523.968987715988,5475.161832553376,0.2,1
5574.429424750527,5508.73360435745,5445.846422341492,0.25,1
5574.429424750527,5492.527883682445,5414.954556764212,0.3,1
5574.429424750527,5561.639781939713,5549.162509996937,0.35,1
5574.429424750527,5457.450676610354,5349.181056075276,0.4,1
5574.429424750527,5531.920099537405,5492.616529867226,0.9,1
5574.429424750527,5527.535579360381,5484.513850840948,1.0,1
3376.830301996578,3366.9469500885625,3357.140476233723,0.05,0
3376.830301996578,3355.4395613126408,3334.3998761394437,0.1,0
3376.830301996578,3343.067874090806,3310.1765550104274,0.15,0
3376.830301996578,3359.0093674880645,3341.7552406868085,0.5,0
3376.830301996578,3354.128888520582,3332.3308448448042,0.6,0
3376.830301996578,3349.177283956314,3322.8471456899715,0.7,0
3376.830301996578,3344.390667398011,3313.7396302193038,0.8,0
3376.830301996578,3329.8378339041046,3284.612442991379,0.2,1
3376.830301996578,3315.7725642078726,3257.795068481779,0.25,1
3376.830301996578,3300.9151177578997,3229.7773604018817,0.3,1
3376.830301996578,3365.790353562042,3354.9776983023635,0.35,1
3376.830301996578,3269.1092684900705,3171.158894299982,0.4,1
3376.830301996578,3340.0172877076125,3305.489179679574,0.9,1
3376.830301996578,3336.2781800135363,3298.479347778503,1.0,1
4215.2631696473245,4204.096322940868,4193.011558861259,0.05,0
4215.2631696473245,4191.315717977466,4167.7507325424685,0.1,0
4215.2631696473245,4177.553163343493,4140.785809441285,0.15,0
4215.2631696473245,4194.0719525383665,4173.578936021892,0.5,0
4215.2631696473245,4188.325232744562,4162.499499164591,0.6,0
4215.2631696473245,4182.489116207456,4151.3428070874925,0.7,0
4215.2631696473245,4176.842110153102,4140.637744994401,0.8,0
4215.2631696473245,4162.810133955451,4112.188445751965,0.2,1
4215.2631696473245,4147.106853068814,4082.062042749525,0.25,1
4215.2631696473245,4130.485552222301,4050.516084917129,0.3,1
4215.2631696473245,4202.047234079,4189.110977308077,0.35,1
4215.2631696473245,4094.784866027868,3983.9661041918234,0.4,1
4215.2631696473245,4171.678075142296,4130.924729740527,0.9,1
4215.2631696473245,4167.259579716828,4122.66570206302,1.0,1
3566.486368648466,3557.105490472777,3547.974056576421,0.05,0
3566.486368648466,3546.165476085154,3526.501622807762,0.1,0
3566.486368648466,3534.383225580181,3503.563159956695,0.15,0
3566.486368648466,3549.5039305424457,3533.3687697270607,0.5,0
3566.486368648466,3544.838187125783,3524.4295079119984,0.6,0
3566.486368648466,3540.09808688279,3515.421898360329,0.7,0
3566.486368648466,3535.5098796437114,3506.769649633674,0.8,0
3566.486368648466,3521.7658676088513,3479.2467823509655,0.2,1
3566.486368648466,3508.3287045552206,3453.5428411099747,0.25,1
3566.486368648466,3494.105050728702,3426.304956257549,0.3,1
3566.486368648466,3555.9795464133417,3545.907276278458,0.35,1
3566.486368648466,3463.565382323953,3368.7693133690873,0.4,1
3566.486368648466,3531.312622698422,3498.906939673956,0.9,1
3566.486368648466,3527.7202199256144,3492.211149315483,1.0,1
4892.924115553535,4883.00558446499,4873.169669612073,0.05,0
4892.924115553535,4871.647236372091,4850.712383276107,0.1,0
4892.924115553535,4859.37655162027,4826.649938583663,0.15,0
4892.924115553535,4873.962739709373,4855.730283703758,0.5,0
4892.924115553535,4868.783774585782,4845.798469449523,0.6,0
4892.924115553535,4863.50533587504,4835.772895047072,0.7,0
4892.924115553535,4858.379915250036,4826.129885021387,0.8,0
4892.924115553535,4846.185322333563,4801.012956207289,0.2,1
4892.924115553535,4832.081273687388,4773.897009725252,0.25,1
4892.924115553535,4817.091306181466,4745.396010083924,0.3,1
4892.924115553535,4881.119317898333,4869.612987199053,0.35,1
4892.924115553535,4784.675329510639,4684.879295961719,0.4,1
4892.924115553535,4853.677462534326,4817.36079897456,0.9,1
4892.924115553535,4849.642337420224,4809.8946702754765,1.0,1
3948.899998493459,3939.029568746687,3929.2392007185854,0.05,0
3948.899998493459,3927.5808597993187,3906.6127450061012,0.1,0
3948.899998493459,3915.2465993150213,3882.4438934093105,0.15,0
3948.899998493459,3931.0063303779957,3913.736159176798,0.5,0
3948.899998493459,3926.0989687279352,3904.2867868684757,0.6,0
3948.899998493459,3921.1094052511216,3894.7628759617014,0.7,0
3948.899998493459,3916.2759572987443,3885.616288191988,0.8,0
3948.899998493459,3902.024101308732,3856.7782147330195,0.2,1
3948.899998493459,3887.929400715223,3829.6987583421237,0.25,1
3948.899998493459,3872.9981983886205,3801.3282338322683,0.3,1
3948.899998493459,3937.8097545392047,3926.971313257339,0.35,1
3948.899998493459,3840.883208005381,3741.415453398245,0.4,1
3948.899998493459,3911.851165344049,3877.3104679078547,0.9,1
3948.899998493459,3908.0616402818537,3870.247654002782,1.0,1
5810.097997501843,5799.6025397624,5789.174964651758,0.05,0
5810.097997501843,5787.44488776657,5765.117019497993,0.1,0
5810.097997501843,5774.298778881522,5739.347385364459,0.15,0
5810.097997501843,5789.913743085121,5770.504589699149,0.5,0
5810.097997501843,5784.343995405164,5759.828432355281,0.6,0
5810.097997501843,5778.655809037663,5749.038348054137,0.7,0
5810.097997501843,5773.121400688061,5738.631543473587,0.8,0
5810.097997501843,5760.152491591458,5711.838435923122,0.2,1
5810.097997501843,5745.01110218523,5682.6495474714675,0.25,1
5810.097997501843,5728.900051594495,5651.919185602116,0.3,1
5810.097997501843,5797.592108784769,5785.395784206024,0.35,1
5810.097997501843,5693.992982117916,5586.968387901963,0.4,1
5810.097997501843,5768.034043409622,5729.148687191473,0.9,1
5810.097997501843,5763.661244107375,5721.0546032851635,1.0,1
4141.7649637978075,4131.432576895538,4121.192701056422,0.05,0
4141.7649637978075,4119.4467699741235,4097.518651153077,0.1,0
4141.7649637978075,4106.533637858065,4072.2746377430403,0.15,0
4141.7649637978075,4123.086538632857,4105.0652937000405,0.5,0
4141.7649637978075,4117.961407251708,4095.1883976720405,0.6,0
4141.7649637978075,4112.749035835746,4085.2462960672606,0.7,0
4141.7649637978075,4107.696507165733,4075.6750871921186,0.8,0
4141.7649637978075,4092.691834775636,4045.497194684736,0.2,1
4141.7649637978075,4077.94581253263,4017.2699793953075,0.25,1
4141.7649637978075,4062.3358702298924,3988.5039789708053,0.3,1
4141.7649637978075,4130.189052239792,4118.882659040974,0.35,1
4141.7649637978075,4028.776825107703,3926.4875258256425,0.4,1
4141.7649637978075,4103.069334863128,4067.0110517462876,0.9,1
4141.7649637978075,4099.107817158776,4059.636909899565,1.0,1
4670.000132839008,4658.8012956534085,4647.678956759752,0.05,0
4670.000132839008,4645.936836387014,4622.234803304382,0.1,0
4670.000132839008,4632.067900415492,4595.035256810471,0.15,0
4670.000132839008,4648.604164713034,4627.916670318956,0.5,0
4670.000132839008,4642.772132373262,4616.677010119849,0.6,0
4670.000132839008,4636.839634651368,4605.3424175799255,0.7,0
4670.000132839008,4631.090024761694,4594.450876277545,0.8,0
4670.000132839008,4617.192138401104,4566.129157943782,0.2,1
4670.000132839008,4601.325789760442,4535.605354989559,0.25,1
4670.000132839008,4584.507106457669,4503.597239373015,0.3,1
4670.000132839008,4656.6820913776555,4643.6460601491,0.35,1
4670.000132839008,4548.294196497621,4435.900701986269,0.4,1
4670.000132839008,4625.824121239598,4584.555335215606,0.9,1
4670.000132839008,4621.425159765428,4576.298718964287,1.0,1
3949.412267828681,3939.7126346572204,3930.0879600538383,0.05,0
3949.412267828681,3928.4308951694243,3907.786353020697,0.1,0
3949.412267828681,3916.271800917082,3883.9571487787994,0.15,0
3949.412267828681,3931.790518143457,3914.7803188479857,0.5,0
3949.412267828681,3926.945847323085,3905.453079812525,0.6,0
3949.412267828681,3922.0182359316354,3896.0493612839564,0.7,0
3949.412267828681,3917.243082920696,3887.015422334787,0.8,0
3949.412267828681,3903.23415516998,3858.6456770043014,0.2,1
3949.412267828681,3889.3331347820044,3831.932479429642,0.25,1
3949.412267828681,3874.6032632359675,3803.936115145145,0.3,1
3949.412267828681,3938.501589470945,3927.8371205841704,0.35,1
3949.412267828681,3842.907651977963,3744.840541991797,0.4,1
3949.412267828681,3912.8701767850503,3878.809504628231,0.9,1
3949.412267828681,3909.1239662502953,3871.8298311287012,1.0,1
5809.717232889716,5798.96033435371,5788.269060260488,0.05,0
5809.717232889716,5786.515354270632,5763.638872622082,0.1,0
5809.717232889716,5773.061001927299,5737.221721868894,0.15,0
5809.717232889716,5788.990306807647,5769.0264321975865,0.5,0
5809.717232889716,5783.276032847025,5758.058008248219,0.6,0
5809.717232889716,5777.440831927566,5746.964339320408,0.7,0
5809.717232889716,5771.763900224739,5736.273247199964,0.8,0
5809.717232889716,5758.585876936719,5709.045156380712,0.2,1
5809.717232889716,5743.095824086322,5679.174490432549,0.25,1
5809.717232889716,5726.617564172768,5647.718106334188,0.3,1
5809.717232889716,5796.868930498315,5784.32262097092,0.35,1
5809.717232889716,5690.928408514474,5580.721269657494,0.4,1
5809.717232889716,5766.545936068265,5726.533266273046,0.9,1
5809.717232889716,5762.061149833168,5718.2270506279265,1.0,1
3755.6832651770746,3745.860890390827,3736.181354325407,0.05,0
3755.6832651770746,3734.447541225669,3713.677426161182,0.1,0
3755.6832651770746,3722.1599018887405,3689.6774763015815,0.15,0
3755.6832651770746,3737.9641486393716,3720.8690093018704,0.5,0
3755.6832651770746,3733.100925633611,3711.4972546541994,0.6,0
3755.6832651770746,3728.1581559088772,3702.050414395969,0.7,0
3755.6832651770746,3723.3716511755174,3692.976185887394,0.8,0
3755.6832651770746,3708.999628348147,3664.2215811161914,0.2,1
3755.6832651770746,3694.9850335441834,3637.3965737251115,0.25,1
3755.6832651770746,3680.1539551540727,3609.28189467018,0.3,1
3755.6832651770746,3744.7073143256166,3734.006133740332,0.35,1
3755.6832651770746,3648.306230646169,3550.103007059513,0.4,1
3755.6832651770746,3718.9910262271696,3684.7342014213045,0.9,1
3755.6832651770746,3715.240088707765,3677.723947508525,1.0,1
